{ "axle": 9.115259e-02, "l_diam": 4.197573e-02, "r_diam": 4.223467e-02, "l_x": -3.693202e-03, "l_y": -3.782233e-03, "l_theta": -1.530913e+00, "E_d": 1.006169e+00, "E_b": 1.012807e+00 }
